AbelM: AbelMrsAbelM: Mrs AbelBagsterM: BagsterMrsBallardM: Mrs. BallardMrBambridgeM: BambridgeTrappingBassM: Trapping BassMrsBeckM: Mrs. BeckMrsBeevorM: Mrs. BeevorCaptBeevorM: Captain BeevorBobM: BobMrBowyerM: BowyerMrsBrettonM: Mrs. BrettonBriggsM: BriggsArthurBrookeM: Mr. BrookeLittleArthurM: Little ArthurCeliaBrookeM: Celia, KittyDorotheaBrookeM: Dorothea, Miss Brooke, Dodo, Mrs. CasaubonMrBulstrodeM: Mr. Bulstrode, NicholasMrsBulstrodeM: Mrs. Bulstrode, HarrietEllenBulstrodeM: EllenKateBulstrodeM: KateBunchM: poor BunchMasterBunneyM: Master BunneyMrCadwalladerM: Mr. Cadwallader, Humphrey, the rectorMrsCadwalladerM: Mrs. Cadwallader, Elinor, the rector’s wifeCallumM: CallumDrCarpM: CarpMrsCarterM: CarterRevCassaubonM: Edward Casaubon, Mr. CasaubonLadyChettamM: Lady ChettamSirJamesChettamM: Sir James, ChettamMrChichelyM: ChichelyClemmensM: ClemmensMrClintupM: ClintupTimothyCooperM: TimothyMrCrabbeM: CrabbeMrsCranchM: Mrs. Cranch, Sister MarthaCranchM: young CranchMrCrowseM: Mr. CrowseMrDagleyM: DagleyMrsDagleyM: Mrs. DagleyDibbittsM: DibbittsMrDillM: Mr. DillMrsDollopM: DollopMrDoverM: DoverKitDownesM: Kit DownesArchieDuncanM: Archie DuncanSarahDunkirkM: Sarah, Mrs. DunkirkCamdenFarebrotherM: Mr. Farebrother, Camden MrsFarebrotherM: Mrs. Farebrother WinifredFarebrotherM: Miss Farebrother, WinifredJonahFeatherstoneM: JonahPeterFeatherstoneM: Mr. Featherstone, PeterSolomonFeatherstoneM: SolomonMrsFitchettM: Mrs. FitchettMrFitchettM: FitchettMasterFitchettM: Master FitchettFlavellM: FlavellFletcherM: FletcherHiramFordM: HiramRevFrekeM: FrekeMrGambitM: GambitGarrattM: GarrattMrGarthM: Mr. Garth, CalebMrsGarthM: Mrs. Garth, SusanAlfredGarthM: Alfred BenGarthM: BenChristyGarthM: ChristyJimGarthM: JimLettyGarthM: LettyMaryGarthM: Mary, MissyGilesM: GilesMrsGobyM: GobyMrGriffinM: GriffinLordGrinsell: GrinsellMrHackbuttM: HackbuttMrsHackbuttM: Mrs. HackbuttClaraHarfagerM: Clara HarfargerMrHawleyM: Mr. Hawley, Frank HawleyArabellaHawleyM: ArabellaDrHicksM: HicksMrHopkinsM: HopkinsMrHorrockM: HorrockJobM: JobJohnsonM: JohnsonJonasM: JonasJosephM: JosephMrKeckM: KeckMrsKellM: KellKibbleM: KibbleWillLadislawM: Mr. Ladislaw, WLJuliaLadislawM: Mrs. Ladislaw, JuliaEdwinLarcherM: Edwin LarcherLaureM: LaureMrsLemonM: Mrs. LemonMrLimpM: Mr. LimpMrLiretM: Monsieur LiretLovegoodM: LovegoodCaptLydgateM: Captain LydgateSirGodwinLydgateM: Sir GodwinDrLydgateM: Dr. Lydgate, Doctor Lydgate, TertiusMarthaM: MarthaMrMawmseyM: Mr. MawmseyMrsMawmseyM: Mrs. MawmseyLordMedlicoteM: Lord MedlicoteMrsMenganM: MegnanDrMinchinM: MinchinMissMorganM: Miss MorganNancyNashM: NancyAdolfNaumannM: NaumannMissHenriettaNobleM: Miss NobleOliverM: OliverMrPeacockM: PeacockPegwellM: PegwellMrPinkertonM: PinkertonLordPlessyM: Lord PlessyMrPlymdaleM: PlymdaleMrsPlymdale: Mrs. Plymdale, SelinaNedPlymdaleM: young Plymdale, NedMdmePoinconM: Madame PoinconMrPowderellM: Mr. PowderellMrsPowderellM: Mrs. PowderellPrattM: PrattPritchardM: PritchardProtheroeM: ProtheroeJohnRafflesM: RafflesMrsRenfrewM: Mrs. RenfrewJoshuaRiggM: Mr. Rigg, Joshua, JoshMrRobissonM: RobissonSadlerM: SadlerSallyM: SallySimmonsM: SimmonsDrSpanningM: SpanningMrSpicerM: SpicerDrSpragueM: SpragueMrsSpragueM: Mrs. SpragueMrStandishM: StandishMrsStrypeM: StrypeStubbsM: StubbsMrsTaftM: TaftTantrippM: TantrippTeggM: TeggMrsTeveroyM: Mrs. TeveroyRevThesigerM: ThesigerHarryTollerM: Harry TollerSophyTollerM: Sophy Toller, SophyThomasTollerM: TollerMrsTomTollerM: Mrs. Tom TollerTomM: TomMrTrawleyM: TrawleyLordTritonM: Triton MrTruberryM: TruberryBorthropTrumbullM: TrumbullRevTuckerM: TuckerRevTykeM: TykeMrsVigoM: VigoMrVincyM: Mr. Vincy, Walter Vincy, the mayorMrsVincyM: Mrs. Vincy, LucyFredVincyM: Fred, young VincyRosamondVincyM: Rosamond, Rosy, Miss Vincy, Mrs. LydgateMissWalsinghamM: WalsinghamMrsWauleM: Mrs. Waule, JaneJohnWauleM: John WauleRebeccaWauleM: RebeccaJoannaWauleM: JoannaElizabethWauleM: ElizabethWebbeM: WebbeMissWilloughbyM: WilloughbyMrWrenchM: WrenchWrightM: WrightYoddrellM: Yodrell