AraAllenPP: Arabella, Miss Allen, Mrs. Winkle
BenjAllenPP: Benjamin, Mr. Allen
AyresleighPP: AyresleighPP
BagmanPP: Bagman
BamberPP: Bamber, little old man
BantamPP: Bantam
MarthaBardellPP: Mrs. Bardell
TomBardellPP: Master Bardell
BellerPP: Beller
BetsyPP: Betsy
BillPP: Boll
BladudPP: Bladud
BlazoPP: Blazo
BlottonPP: Blotton
BofferPP: Boffer
CptBoldwigPP: Boldwig 
MissBoloPP: Bolo
BrooksPP: Brooks
BrownPP: Bruwn
BudgerPP: Budger
ColBulderPP: Colonel Bulder
MrsBUlderPP: Mrs. Colonel Bulder
MissBulderPP: Miss Bulder
BullmanPP: Bullman
MrsBunkinPP: Bunkin
BurtonPP: Burton
SgtBuzfuzPP: Buzfuz
ChanceryPrisonerPP: Chancery prisoner
CharleyPP: Charley
ClergymanPP: clergyman
ThomClubberPP: Sir Thomas Clubber
LadyCLubberPP: Lady Clubber
MissesClubberPP: Misses Clubber
MrsCluppinsPP: Mrs. Cluppins
MrsCraddockPP: Mrs. Craddock
MrCrawleyPP: Mr. Crawley
TomCrippsPP: Cripps, boy in gray, boy in the gray livery
CrookeyPP: Crookey
MrCrushtonPP: Crushton
DodsonPP: Dodson
FoggPP: Fogg
MrDowlerPP: Dowler
MrsDowlerPP: Mrs. Dowler
DubbleyPP: Dubbley
MrDumkinsPP: Dumkins
JohnEdmundsPP: Edmunds
EmmaPP: Emma
MarqFilletPP: Filletoville
FizkinPP: Fizkin
FizzgigPP: Fizzgig
FlasherPP: Flasher, Wlkns Flasher
GoodwinPP: Goodwin
GroffinPP: Groffin
GabeGrubPP: Gabriel Grub
GrummerPP: Grummer
MrGrundyPP: Grundy
MrGunterPP: Gunter
MissGwynnPP: Gwynn
HarrisPP: Harris
HeylingPP: Heyling
HopkinsPP: Hopkins
TonyHummPP: Humm
HuntPP: Hant
MrsHunterPP: Mrs. Leo Hunter
MrHunterPP: Mr. Leo Hunter
JemHutleyPP: Jemmy, Hutley
IsaacPP: Isaac
Jane1PP: Jane1
Jane2PP: Jane2
JaneWugsyPP: JaneW 
JacksonPP: Jackson
AlfredJinglePP: Fitz-Marshall, Jingle
MrJinkinsPP: Jinkins
MrJinksPP: Jinks
JoePP: Joe, fat boy
STJohnPP: Jahn 
KatePP: Kate
MariaLobbsPP: Maria Lobbs
oldLobbsPP: old Lobbs
MrLowtenPP: Lowten
SolLucasPP: Lucas
LudHudibarasPP: Lud
MrLuffeyPP: Luffey
PeterMagnusPP: Magnus
MrMallardPP: Mallard
SirManningPP: Sir Geoffrey
GameMartinPP: Maltin
SurlyMartinPP: Murtin 
BetseyMartinPP: Betsy Martin
JackMartinPP: Jack Martin
TomMartinPP: Tom Martin, Mr. Martin
MaryPP: Mary
MissesMatinterPP: Matinter
MrMillerPP: Mr. Miller
MrMivinsPP: Mivins, Zephyr
BroMordlinPP: Mordlin
MrsMudberryPP: Mudberry
JonasMudgePP: Mudge
LrdMutanhedPP: Mutanhed
MuzzlePP: Muzzle
MrNambyPP: Namby
NeddyPP: Neddy
NoddyPP: Noddy
NupkinsPP: Mr. Nupkins
MrsNupkinsPP: Mrs. Nupkins
MsNupkinsPP: Miss Nupkins
DocPaynePP: Payne
SolPellPP: Pell
MrPerkerPP: Perker
MrPhunkyPP: Phunky
PickwickPP: Pickwick
NatePipkinPP: Pipkin
MrPodderPP: Podder
MrsPorkenhamPP: Mrs. Porkenham
MissesPorkenhamPP: Misses Porkenham
PorkenhamPP: Sidney Porkenham
MrPottPP: Mr. Pott
MrsPottPP: Mrs. Pott
MrPricePP: Mr. Price
PrufflePP: Pruffle
QuankoSambaPP: Quanko
MrsRaddlePP: Mrs. Raddle
MrRaddlePP: Mr. Raddle
MrsRogersPP: Mrs. Rogers
TomRokerPP: Roker
SamPP: Saam
MrsSandersPP: Mrs. Sanders
BobSawyerPP: Bob, Sawyer
FrankSimmeryPP: Simmery
MrSimpsonPP: Simpson
MrSkimpinPP: Skimpin
DocSlammerPP: Slammer
MrSlasherPP: Slasher
HonSlumkeyPP: Slumkey
SlummintowkensPP: Slummintowkens
MrSlurkPP: Slurk 
MrSmanglePP: Smangle
TomSmartPP: Tom Smart
JohnSmaukerPP: Smauker
JoeSmiggersPP: Smiggers
MissSmithersPP: Smithers
MrSmithiesPP: Mr. Smithie
MrsSmithePP: Mrs. Smithie
MissesSmithiePP: Misses Smithie
CountSmorltorkPP: Smorltork
MrSmouchPP: Smouch
MrSnicksPP: Snicks
HonSnipePP: Snipe
SnodgrassPP: Snodgrass
SgtSnubbinPP: Snubbin
DowSnuphanuphPP: Snuphanuph
MrStaplePP: Staple
MrStareleighPP: Stareleigh
MrStigginsPP: Stiggins
MrStrugglesPP: Struggles
BroTadgerPP: Tadger
LtTappletonPP: Tappleton
TommyPP: Timmy
MissTomkinsPP: Tomkins
MrsTomlinsonPP: Tomlinson
JobTrotterPP: Job, Trotter
MrTrundlePP: Trundle
MrTucklePP: Tuckle
TracyTupmanPP: Tupman
RichUpwitchPP: Upwitch
HWalkerPP: H. Walker
MrWardlePP: Mr. Wardle
MrsWardlePP: Mrs. Wardle, the old lady
EmilyWardlePP: Emily
IsabellaWardlePP: Isabella, Bella
RachaelWardlePP: Rachael
MrWattyPP: Watty
SamWellerPP: Sam
TonyWellerPP: Tony, Mr. Weller
MrsWellerPP: Susan, Mrs. Weller
MrWhiffersPP: Whiffers
WhiffinPP: Whiffin
MrWicksPP: Wicks
TomWildsparkPP: Wildspark
WilkinsPP: Wilkins
NateWinklePP: Mr. Winkle, Nathaniel
MrWinklePP: WinkleSr
MsWitherfieldPP: Witherfield
MrsWugsbyPP: Wugsby
